,descrizione,numero
0,Laurea in lettere antiche; Studentessa,1
1,Laurea in scienze economiche e politica fiscale; economista,4
2,"Diploma universitario di assistenza sociale; già assistente sociale, già funzionario regione Puglia, osservatore mercato del lavoro, già docente scuola superiore per assistenti sociali ed educatori professionali",3
3,Laurea in medicina; psicanalista.,1
4,"Laurea in giurisprudenza; Avvocato, Assessore comunale",1
5,Laurea in scienze motorie; Dirigente scolastico.,1
6,"Laurea in giurisprudenza; avvocato patrocinante in cassazione, professore universitario",1
7,"Laurea in giurisprudenza, Corsi e scritti di specializzazione e approfondimenti; Funzionario, dipendente pubblico",1
8,Diploma di liceo scientifico; Dipendente di partito o gruppo politico,1
9,laurea in lettere;insegnante,3
10,Laurea in pedagogia; funzionaria di partito,2
11,Insegnante.,19
12,Laurea magistrale; Insegnante in pensione,1
13,"Laurea in giurisprudenza, Diploma di specializzazione per le professioni legali; Avvocato",1
14,"Laurea in filosofia, spec. successive all'estero; economista",3
15,Laurea in scienze politiche; Dipendente,1
16,Istituto magistrale; dipendente pubblico - operaio,1
17,Laurea in psicologia; Dirigente,1
18,Laurea in lingue e letterature moderne euroamericane; Disoccupata,1
19,Laurea in giurisprudenza; Dipendente di azienda bancaria,1
20,Laurea in scienze politiche; consulente aziendale,1
21,Laurea in lettere; docente scuola media superiore,3
22,"Laurea  triennale in economia e commercio, Laurea magistrale in economia e gestione delle aziende e dei sistemi turistici",1
23,Dottorato di ricerca; Avvocato penalista,1
24,"Laurea in giurisprudenza; avvocato, patrocinante in Cassazione",2
25,DOTTORATO DI RICERCA IN SCIENZE STATISTICHE; ASSISTENTE STATISTICA PRESSO LA COMMISSIONE EUROPEA,1
26,"Laurea in scienze politiche; Imprenditore agricolo, Dipendente di azienda privata",3
27,Laurea in filosofia; consulente,3
28,"Laurea in economia e gestione delle imprese turistiche, Abilitazione all'esercizio della professione di direttore tecnico di agenzia viaggi e turismo;  Direttore tecnico di agenzia viaggi",1
29,"Diploma di scuola magistrale; Presidente della fondazione Marisa Bellisario, Giornalista, Direttore",1
30,Laurea in economia e commercio; Dirigente scolastico,1
31,"Laurea in giurisprudenza, Scuola di formazione per Amministratore Giudiziario; Avvocato civilista; Cassazionista; Amministratore Giudiziario",1
32,Diploma magistrale; impiegata.,6
33,"Laurea in scienze politiche, Dottorato di ricerca in economia del lavoro;",1
34,Laurea in lingue e letterature straniere; Dirigente scolastico,1
35,Laurea in lingue e letterature straniere; impiegata.,2
36,Laurea in scienze della comunicazione;  Giornalista professionista,1
37,"Diploma di perito aziendale corrispondente lingue estere; Assessore Regione Lombardia con delega alla sicurezza, protezione civile e immigrazione",1
38,laurea in giurisprudenza;magistrato,4
39,Laurea in lettere classiche; Giornalista professionista e imprenditrice settore comunicazione,1
40,Diploma di liceo linguistico; Giornalista,3
41,Laurea in lettere,1
42,Laurea in scienze politiche; ricercatore universitario,4
43,Laurea in scienze dell'educazione e della formazione; Dipendente pubblico,1
44,Laurea in giurisprudenza; insegnante,1
45,"Laurea in giurisprudenza, Master in politica internazionale",1
46,Laurea in filosofia; Dirigente del settore culturale,2
47,"Laurea in economia e commercio, Master in marketing; Parlamentare",2
48,Laurea in filosfia; insegnante.,1
49,Laurea in scienze economico-aziendali; Dipendente di azienda privata in ambito commerciale,1
50,Laurea in lettere; funzionario di azienda privata,2
51,Laurea in giurisprudenza; Dipendente di azienda privata,1
52,Diploma di scuola magistrale; Insegnante,1
53,Laurea in giurisprudenza;  Magistrato militare di tribunale,1
54,Diploma di liceo scientifico; Libero professionista,1
55,Laurea in giurisprudenza; Avvocato patrocinante nelle giurisdizioni superiori,1
56,Laurea in geografia; libero professionista - consulente formazione professionale e ricerca,1
57,Licenza media superiore; giornalista,3
58,Laurea in lingue e letterature straniere; dirigente pubblico,1
59,Laurea in giurisprudenza; Magistrato ordinario,2
60,Laurea in scienze della comunicazione;,1
61,Diploma universitario di assistente sociale; Assistente sociale,1
62,Economia aziendale,1
63,Laurea in scienze politiche dell'amministrazione; Collaboratore parlamentare,1
64,Assessore comunale,1
65,Laurea in filosofia; funzionario di partito.,2
66,Diploma di liceo linguistico; Giornalista professionista,1
67,Laurea in lingue e letterature straniere; Insegnante di scuola secondaria inferiore,2
68,Laurea in giurisprudenza; Avvocata.,1
69,Laurea in lettere e filosofia; insegnante,3
70,Funzionario,1
71,"Laurea in giurisprudenza, Corsi e scritti di specializzazione e approfondimenti; Dipendente pubblico",1
72,Laurea in scienze della mediazione linguistica,1
73,"Diploma di liceo classico; Assessore provinciale, Assessore regionale",1
74,Laurea in scienze economiche e commerciali; funzionario di partito.,1
75,"baccalaureata francese;giornalista, pubblicista, scrittrice",1
76,Laurea in informatica; Consulente informatico,1
77,Diploma di istituto magistrale; Imprenditrice del settore alimentare,1
78,Laurea in architettura; dirigente di partito,1
79,Laurea in lettere moderne;  Giornalista,1
80,Laurea in giurisprudenza; Funzionario portavoce dell'Alto Commissariato delle Nazioni Unite per i rifugiati,1
81,Laurea in scienze dell'informazione;  Sindacalista,1
82,Laurea in scienze politiche; Imprenditore del settore dei servizi,2
83,Laurea in filosofia; dirigente politico,4
84,Laurea in lettere; insegnante scuole medie superiori,1
85,"Laurea in giurisprudenza, Scuola di specializzazione per le professioni legali, Master in management, Abilitazione alla professione di avvocato; Collaboratore di cattedra in diritto commerciale",1
86,PhD in Public Policy; Assistant professor,1
87,Liceo linguistico; giornalista professionista,1
88,"Laurea in economia e commercio, Laurea in lingue e letterature straniere",1
89,Diploma di Ragioneria; Dipendente Istituti di credito,1
90,Laurea in diritto internazionale,1
91,"Laurea in giurisprudenza; Avvocato, Avvocato penalista",1
92,Diploma di istituto tecnico per geometri; Geometra,1
93,"Laurea in giurisprudenza; docente universitario, avvocato",3
94,Laurea in filosofia; Libero professionista ambito formazione,1
95,"Laurea in giurisprudenza, Specializzazione in criminologia; Avvocato",1
96,"Laurea in lettere; insegnante, giornalista.",2
97,"Laurea in lettere moderne, laurea in storia; Dirigente scolastico",1
98,Laurea in filosofia; Consulente,1
99,Diploma di istituto tecnico industriale; Perito tecnico industriale,1
100,"Laurea in lingue e letterature moderne, Master in translation studies presso la Warwick University (UK); Docente universitario, Esperta in politiche culturali",1
101,Sindacalista,3
102,Laurea in scienze della comunicazione; Casalinga,1
103,Laurea in Giurisprudenza; Professore ordinario di Diritto Processuale Penale Università degli Studi di Roma -Tor Vergata,1
104,"Laurea in scienze politiche,  Master in management di progetti comunitari; Operatrice sociale, Impiegata con funzioni dirigenziali",1
105,Licenza media;  Pensionato,1
106,Laurea in scienze geologiche; attività nell'ambito di un'associazione,1
107,"Laurea in medicina e chirurgia, Specializzazione in neuropsichiatria infantile; Professore ordinario di storia della medicina",1
108,Licenza istituto tecnico commerciale; artigiano,1
109,Diploma di istituto tecnico commerciale;  Amministratore locale,1
110,Laurea in lettere e filosofia;  Dirigente di partito,1
111,"Laurea in giurisprudenza, diploma di specializzazione in comunicazione di impresa ed istituzionale; consulente di comunicazione",1
112,"Laurea in economia bancaria, Dottorato di ricerca in scienze della formazione;  Imprenditore",1
113,"Laurea in medicina e chirurgia, Specializzazione in odontostomatologia, Specializzazione in ortognatodonzia; Libero professionista",1
114,Laurea in lettere classiche; Insegnante di scuola secondaria superiore,3
115,Laurea in farmacia;  Farmacista,1
116,Perito aziendale corrispondente lingue estere; Libero professionista,1
117,"Master in strategic design, LAUREA MAGISTRALE IN SERVICE DESIGN; Parlamentare",1
118,"Laurea in lettere classiche, Corso di perfezionamento in economia del turismo, Master in dirigenza per le scuole;  Dirigente scolastico; Presidente Commissione Equality and Non Discrimination del Consiglio d'Europa",1
119,Liceo socio-psicopedagogico; Impiegata,1
120,Diploma - Istituto tecnico commerciale; Campionessa olimpica - Dirigente sportivo internazionale - Libero professionista,1
121,Educatrice,1
122,Laurea in biologia; Consigliere regionale,1
123,Laurea in scienze politiche; imprenditrice,2
124,Licenza media superiore.,1
125,Pubblicista.,5
126,Licenza media superiore; funzionario di partito.,14
127,"Liceo artistico, accademia internazionale dell'attore; attrice",1
128,Diploma di istituto tecnico commerciale; amministratore comunale,1
129,Diploma di istituto professionale per i servizi alberghieri e ristorazione; Operaio,1
130,Laurea in matematica; pensionata,1
131,Diploma di scuola superiore,1
132,Laurea in conservatorio (pianoforte); Insegnante di musica,2
133,"Perito aziendale corrispondente in lingue estere; Imprenditore del settore dei trasporti spedizioni internazionali terrestri, marittimi, aerei e logistica",1
134,Laurea in giurisprudenza; funzionario di azienda bancaria,1
135,Ragioniera; imprenditrice settore moda,1
136,Laurea in chimica e tecnologie farmaceutiche; farmacista,1
137,Laurea in lettere e filosofia; funzionario pubblico,5
138,Laurea in giurisprudenza; insegnante scuola media superiore,1
139,Laurea in architettura; Istruttore tecnico,1
140,Laurea in lingue e letterature straniere;  Giornalista professionista,1
141,Laurea in sociologia; Insegnante di scuola secondaria superiore,1
142,"Laurea in lettere e filosofia; pensionata, giornalista",1
143,Laurea in lettere e filosofia; docente,2
144,"Diploma di liceo scientifico;  Assessore comunale, Consulente",1
145,"Laurea in chimica e tecnologia farmaceutiche, Laurea in tecniche della prevenzione nell'ambiente e nei luoghi di lavoro; Libero professionista",1
146,Laurea in architettura; funzionario pubblico,2
147,Laurea in lingue e letterature straniere; attivita' nell'ambito di partito politico,7
148,"Laurea in giurisprudenza, Scuola di specializzazione per le professioni legali, Master in politiche di sicurezza locali; Avvocato",1
149,Laurea in economia e commercio; Dipendente pubblico,1
150,laurea in lettere;educatrice,3
151,Laurea in giurisprudenza; Dipendente pubblico,1
152,Laurea in medicina e chirurgia; medico ospedaliero,1
153,Laurea in lettere; archeologa,1
154,Laurea in scienze politiche; Master affari politici italiani,1
155,Licenza media superiore; insegnante,6
156,"Laurea in scienze politiche, Specializzazione in diritto del lavoro e della sicurezza sociale; Docente di discipline giuridiche ed economiche",1
157,Dirigente di azienda privata; Produttore televisivo e cinematografico,1
158,Diploma di istituto tecnico commerciale; Imprenditore del settore dei servizi,2
159,Laurea in scienze motorie e specializzazione in scienze e tecniche delle attività preventive e adattate;  Insegnante di scuola secondaria superiore,1
160,"Laurea in giurisprudenza, Master in diritto ambientale, Corso di perfezionamento di tutela dei diritti dinnazi alla Corte di giustizia europea, Corso di perfezionamento in diritto d'impresa; Avvocato specializzato in diritto dell'Ue.",1
161,Laurea in filosofia; pensionata,1
162,Laurea in economia e commercio; Abilitazione alla professione di Dottore commercialista; Funzionario tributario,1
163,"Laurea in lettere; Storico dell'Arte, Direttore coordinatore",1
164,Diploma di istituto tecnico commerciale; dipendente di azienda privata,1
165,Laurea in giurisprudenza;   Consulente legale,1
166,Laurea in giurisprudenza; Avvocato civilista specializzato in diritto societario e bancario,1
167,Laurea in filosofia; ricercatore universitario,3
168,"Laurea in medicina e chirurgia, Specializzazione in reumatologia; MMG",1
169,Funzionario Regione Sardegna,1
170,Licenza media; Operaia in pensione,1
171,Laurea in lingue e letterature straniere; insegnante,2
172,Laurea in scienze della formazione; Insegnante di scuola primaria,1
173,Magistero; impiegata,2
174,Laurea in giurisprudenza; magistrato,5
175,Laurea in scienze biologiche; docente - scuola media superiore - presidente del Forum delle Associazioni familiari,1
176,Diploma di segretaria d'azienda; dirigente di azienda privata,2
177,Laurea in giurisprudenza; avvocato,16
178,"Laurea in filosofia, Dottorato di ricerca;  Ricercatore",1
179,"Diploma di qualifica di istituto professionale per il commercio, indirizzo analista contabile; Responsabile acquisti settore trasporti",1
180,"Licenza media superiore; pensionata, pubblicista",1
181,Operatore di sistemi informatici; Presidente nazionale CONFAVI; Segretario generale della Fondazione per la cultura rurale-ONLUS,1
182,Laurea in giurisprudenza; docente nella scuola media superiore,3
183,"Laurea in lettere e filosofia, Corso di perfezionamento in storia medievale e moderna, Dottorato di ricerca in pedagogia; Professore ordinario di discipline pedagogiche",1
184,Laurea in scienze politiche;  Imprenditore del settore alimentare,1
185,Licenza media; Imprenditore del settore agroalimentare,1
186,Attrice,1
187,Diploma di liceo classico; Dirigente politico,1
188,Diploma di istituto tecnico femminile; Pensionata,1
189,Laurea in medicina e chirurgia; psichiatra,1
190,"Laurea in giurisprudenza, Laurea in Management of human resoruces and labour studies; Avvocato",1
191,Diploma di liceo linguistico; Vice Presidente della Regione Lombardia,1
192,Laurea in scienze dell'amministrazione;  Impiegato,1
193,Agricoltore,2
194,Diploma di liceo scientifico; Imprenditrice,1
195,Laurea in scienze motorie; Manager sportiva,1
196,Dirigente di associazione femminile.,4
197,Laurea in giurisprudenza;  Sindaco,1
198,Laurea in ingegneria; imprenditrice,1
199,Laurea in scienze della pubblica amministrazione conseguita presso la LUMSA di Roma; imprenditore,4
200,Laurea in medicina e chirurgia; Medico,1
201,Presidente fondazione Antonino Scopelliti,1
202,Laurea in scienze forestali e ambientali; Dottore forestale,1
203,Laurea in pedagogia: insegnante,1
204,diploma di maturità; dirigente di partito politico,1
205,Laurea in filosofia; insegnante.,13
206,Diploma di liceo linguistico;  Dirigente di partito,1
207,Laurea in giurisprudenza; docente universitario,3
208,"Laurea in scienze politiche, Dottorato di ricerca in demografia ed economia delle grandi aree geografiche, Specializzazione in Migrazione ed esclusione sociale",1
209,Diploma di istituto tecnico commerciale; Segretario di associazione sindacale,1
210,Scrittrice,2
211,Laurea in ingegneria edile; Ingegnere edile,1
212,"Laurea in scienze politiche; giornalista, direttore",1
213,Laurea in lingue e letterature straniere; coordinatrice democratiche di sinistra,3
214,"Laurea in architettura; architetto, insegnante",1
215,Laurea in giurisprudenza; Avvocato patrocinante in Cassazione,1
216,"Laurea in lingue e letterature straniere, Master e PhD in letteratura francese; Professore associato in letteratura francese",1
217,"Diploma di ragioniere; Consulente, insegnante",1
218,Laurea in economia e commercio; preside scuola media superiore,1
219,Diploma di istituto magistrale; Dipendente pubblico,1
220,Laurea in giurisprudenza; Praticante avvocato abilitato al patrocinio,1
221,Laurea in lettere: insegnante,2
222,Laurea in lettere; pubblicista.,10
223,Laurea in economia e commercio; Responsabile amministrativo,2
224,"Diploma di istituto magistrale, Laureanda in giurisprudenza;  Imprenditore nel settore del wellness",1
225,Laurea in scienze linguistiche e letterature straniere; Imprenditrice,2
226,Medico;,1
227,Laurea in scienze politiche e delle relazioni internazionali; Dipendente pubblico,1
228,Laurea in giurisprudenza;  Dipendente di azienda bancaria,1
229,Laurea in giurisprudenza; Funzionario regione Emilia Romagna,1
230,Laurea in antropologia e archeologia conseguita a Cambridge; giornalista professionista,1
231,"Laurea in medicina e chirurgia, Specializzazione in neuropschiatria infantile; Neuropsichiatra infantile, Professore ordinario di storia della medicina",1
232,diploma di assistente comunità infantili;impiegato di azienda privata,2
233,Laurea in giurisprudenza;  Avvocato penalista patrocinante in Cassazione,1
234,Laurea in lettere moderne; Funzionario settore formazione e politiche del lavoro regione Liguria,1
235,"Laurea in giurisprudenza; Diploma di specializzazione per le professioni legali, Avvocato",1
236,Laurea in chimica e tecnologie farmaceutiche;  Dirigente farmacista ASL,1
237,Istituto magistrale; dirigente di partito,1
238,"Laurea in giurisprudenza, Master in diritto societario; Avvocato in diritto societario",3
239,Laurea in giurisprudenza;  Imprenditore del settore turistico,1
240,Professoressa di economia ecologica; P.h.D.,1
241,"Laurea in economia e commercio, Master in marketing;  Addetto alle pubbliche relazioni",1
242,Dottorato di ricerca; Avvocato,1
243,Casalinga.,2
244,Diploma di segretaria di azienda; Impiegata,1
245,Laurea in medicina e chirurgia; medico,2
246,Laurea magistrale in scienze delle professioni sanitarie tecnico ed assistenziali; Libero professionista,1
247,Laurea in scienze economiche e commerciali; commercialista,1
248,Istituto tecnico femminile - dirigente di comunità; sindaco del comune di  Borgolavezzaro - dipendente rete ferroviaria italiana,1
249,Diploma di istituto tecnico per periti aziendali; Impiegato,2
250,"Laurea in conservazione dei beni culturali, Laurea in archeologia, Specializzazione all'insegnamento della storia dell'arte, Abilitazione all'inegnamento di alunni diversamente abili; Insegnante di scuola secondaria superiore",1
251,Laurea in economia aziendale,2
252,"Laurea in psicologia del lavoro e delle organizzazioni, Master di secondo livello in scienze forensi; Dipendente pubblico",2
253,Licenza media superiore; istituto magistrale; insegnante scuola elementare,2
254,Laurea in lettere moderne; insegnante,4
255,Laurea in lettere; funzionario pubblico,1
256,Insgenante,4
257,Laurea in scienze giuridiche; Parlamentare,1
258,Laurea in economia e commercio; Dottore commercilista e revisore dei conti,1
259,"laurea in lettere moderne;giornalista, consulente editoriale",3
260,Laurea in giurisprudenza; conduttrice tv,1
261,"Laurea in giurisprudenza, Master in legge; Avvocato civilista e amministrativista",1
262,Laurea in linguistica; Dipendente pubblico,1
263,Diploma di liceo scientifico; Dirigente di partito,2
264,Laurea in giurisprudenza; Avvocato lavorista,3
265,Dirigente di azienda privata,1
266,"Laurea in economia e commercio; Dottore commercialista, docente in informatica",1
267,Laurea in lettere e filosofia; Impiegato,1
268,"Laurea in scienze politiche; Manager nel settore agroalimentare, Assessore al comune di Piacenza",1
269,maturita' classica;imprenditore,2
270,"Laurea in architettura; Dipentente tecnico Ministero beni culturali, Assessore ai lavori pubblici del Comune di Udine",1
271,Laurea in lingue e letterature straniere; giornalista,2
272,"Laurea in giurisprudenza, Specializzazione in diritto amministrativo, Dottorato di ricerca in diritto costituzionale; Avvocato",1
273,Laurea in giurisprudenza; Funzionario di Camera di Commercio,1
274,Laurea in lingue e letterature straniere; Giornalista professionista,2
275,Diploma di conservatorio; insegnante.,4
276,Laurea in scienze politiche; docente universitario,6
277,"Laurea in giurisprudenza; Assessore comunale; Assessore regionale, Avvocato",1
278,Maturita' classica; giornalista,2
279,Laurea in economia e commercio; dipendente di azienda privata,2
280,Laurea in lingue e letterature straniere (europee),1
281,Liceo linguistico; imprenditore - settore industriale,1
282,Laurea in pedagogia,3
283,Diploma di liceo scientifico; Giornalista pubblicista,1
284,laurea in giurisprudenza;avvocato,2
285,Laurea in scienze della produzione animale; Imprenditore del settore dei servizi,1
286,Insegnante,11
287,"Dirigente di comunità; Sindaco del comune di Borgolavezzaro (NO) dal 2004 al 2009, Dipendente rete ferroviaria italiana",1
288,Laurea in giurisprudenza; Magistrato di cassazione,1
289,Laurea in psicologia;  Dirigente pubblico,1
290,"Laurea in giurisprudenza, Master in politiche di pace e cooperazione allo sviluppo nell'area del Mediterraneo; Libera professione",1
291,"Laurea in filosofia teoretica, morale, politica ed estetica; Dottoranda in Political Theory",1
292,Studentessa,2
293,"Laurea in economia e commercio, Master in epidemiologia dei servizi sanitari; Funzionario pubblico dell'istituto superiore di prevenzione e sicurezza sui luoghi di lavoro",1
294,LAUREA IN SCIENZE POLITICHE; Giornalista professionista in aspettativa,1
295,"Laurea in giurisprudenza; Sindaco, Presidente dell'agenzia di sviluppo integrato del Calatino, Avvocato, Vice procuratore onorario",1
296,Laurea in scienze naturali; Insegnante di scuola secondaria inferiore,1
297,Diploma di liceo linguistico,3
298,Laurea in scienze politiche; imprenditore - settore industriale,1
299,Diploma di istituto tecnico commerciale; Funzionario comunale,2
300,"Laurea in filosofia, Master in mediazione culturale; Operatrice sociale e culturale",1
301,Licenza media superiore; pensionata,1
302,"Laurea in giurisprudenza; già Parlamentare europea, Amministratrice regionale, Vice Presidente Regione Emilia Romagna",1
303,"Laurea in medicina e chirurgia, Specializzazione in igiene;  Medico ospedaliero",1
304,Laurea in commercio internazionale e culture straniere,1
305,Licenza media inferiore; operaia metalmeccanica,1
306,Laurea in medicina e chirurgia; docente universitario.,4
307,Diploma di istituto tecnico commerciale,2
308,Laurea in lingue e letterature straniere;  Docente universitario,1
309,Diploma di liceo scientifico; Consigliere comunale,1
310,Diploma di istituto tecnico industriale; Impiegato,2
311,Laurea in scienze politiche; docente scuola media superiore,2
312,Maturita' scientifica; dirigente azienda privata,1
313,Laurea in fisioterapia; Fisioterapista,2
314,Laurea in filosofia; Sindaco,1
315,"Laurea in economia dello Sviluppo Avanzata, Master in Economia, Soas Università di Londra, Dottorato di ricerca in economia; Ricercatore",1
316,Laurea in giurisprudenza;  Notaio,1
317,"Laurea in lingue e letterature straniere; Giornalista professionista, Vice Presidente del Gruppo PPE all'Assemblea del Consiglio d'Europa",1
318,"Laurea in storia; Inviato speciale, Editorialista",1
319,Laurea in sociologia; insegnante,1
320,Diploma di perito aziendale; addetta pubbliche relazioni,2
321,Laurea in relazioni internazionali,2
322,Sindaco,1
323,"laurea in lettere e filosofia;docente universitario,ricercatore di scienze orientali",1
324,"Laurea in giurisprudenza, Scuola di specializzazione per le professioni legali; Avvocato penalista esperto in diritto dell'immigrazione.",1
325,Scienze e tecnologie dello spettacolo; Parlamentare,1
326,Laurea in Economia aziendale e gestione delle imprese internazionali; Imprenditrice del settore metalmeccanico,1
327,Laurea in giurisprudenza; Dipendente pubblico; Amministratore locale,1
328,Diploma di liceo scientifico; Imprenditrice nel settore organizzazioni eventi e manifestazioni,1
329,Licenza media superiore; impiegato,8
330,"Laurea in giurisprudenza, Scuola di formazione per Amministratore giudiziario - Beni confiscati; Avvocato civilista, Avvocato cassazionista",1
331,Licenza media;  Dirigente sindacale,2
332,Laurea in scienze biologiche; Biologo,2
333,"Laurea in lingue e letterature straniere, Master e Phd in letteratura francese; Professore associato di lingua e letteratura francese",1
334,Diploma di liceo scientifico; Funzionario di partito; Amministratore comunale,1
335,"Laurea in economia e commercio, Master presso la Trento School of Managment come consulente di impresa tra integrazione dei servizi e telelavoro; Dipendente pubblico",1
336,Diploma di liceo classico; Dipendente di azienda privata,1
337,Laurea in sociologia; ex Presidente nazionale Legambiente,1
338,Studente universitario.,1
339,Laurea in scienze dell'educazione; Studente,1
340,Giornalista professionista,2
341,Crocerossina.,1
342,Funzionario di partito.,12
343,Laurea in scienze della produzione animale,1
344,Liceo linguistico; dirigente di partito FI,1
345,Laurea in giurisprudenza; avvocato - penalista - patrocinante in Cassazione,1
346,Diploma di istituto tecnico commerciale; Impiegato,1
347,Diploma di scuola magistrale; Imprenditore,1
348,Laurea in giurisprudenza; Avvocato,22
349,"Laurea in filosofia, Dottorato di ricerca; Docente universitario",1
350,Laurea in biologia medica,1
351,"Laurea in medicina e chirurgia, Specializzazione in Anatomia Patologica; Professore ordinario di patologia clinica",1
352,Laurea in giurisprudenza;  Funzionario di partito,1
353,Laurea in lingue e letterature straniere; funzionario sindacale,1
354,Laurea in scienze della comunicazione; Giornalista professionista,3
355,Diploma di liceo classico; Studente,2
356,"laurea in filosofia;docente universitario, ricercatore distoria della filosofia moderna",2
357,"Laurea in medicina e chirurgia, Specializzazione in medicina interna; Medico chirurgo specialista in medicina interna, Autrice del saggio ""Perché proprio a me?"" edito da Sperling&amp;Kupfer, Vice presidente AIL",1
358,Studi letterari università cattolica; dirigente di partito,1
359,Laurea in lettere; docente - scuola media superiore,2
360,Laurea in lettere e filosofia; scrittrice.,1
361,Laurea in lingue e letterature straniere; Assessore alle politiche sanitarie della regione Veneto; ha svolto attività di docente universitario a contratto,1
362,"Laurea in lettere antiche, Laurea in giurisprudenza;  Avvocato",1
363,Laurea in architettura; dirigente partito politico,3
364,Laurea in scienze economiche;  Economista,1
365,Laurea in scienze politiche; direttrice fondazione culturale di Banca Etica,1
366,Funzionario di partito,15
367,Diploma di liceo linguistico;  Imprenditore del settore impiantistico,1
368,"Laurea in giurisprudenza; Avvocato civilista, Insegnante di scuola secondaria superiore",1
369,Sindacalista.,16
370,Maturità classica; Libero professionista,1
371,Laurea in scienze politiche;  Ricercatore universitario,1
372,Laurea in lettere e filosofia; docente universitario.,1
373,Laurea in scienze biologiche; Sottosegretario al Ministero della transizione ecologica (dal 01/03/2021),1
374,Laurea in lettere e filosofia,2
375,Laurea in lettere; docente universitario.,2
376,Laurea in giurisprudenza; Giornalista pubblicista,1
377,"Laurea in filosofia teoretica, morale, politica ed estetica; Dottoranda",1
378,"Laurea in economia bancaria, Dottorato di ricerca in Scienze della formazione; Imprenditore",1
379,Laurea in lingue e letterature straniere;  Dirigente scolastico,1
380,Diploma di accademia; insegnante,2
381,"Laurea in scienze dell'educazione; Master di II livello in ""Strategie Organizzative e di Innovazione nella P.A.""; Dipendente pubblico",1
382,Laurea in ingegneria civile e ambientale; Tecnico di laboratorio,1
383,Diploma accademico di magistero in scienze religiose; Insegnante di scuola secondaria superiore,2
384,Laurea in filosofia; dirigente di partito,4
385,Laurea in matematica; preside scuola secondaria superiore,4
386,"Laurea in farmacia; farmacista, insegnante",1
387,Licenza media inferiore; impiegato,2
388,Diploma di istituto tecnico commerciale; ADEST - Assistente domiciliare e servizi tutelari,1
389,Diploma di istituto tecnico commerciale;  Imprenditrice nel settore dei servizi,1
390,Laurea in materie letterarie; insegnante,1
391,Diploma universitario di traduttore e interprete;  Interprete,1
392,"Laurea in musicologia e beni musicali; Organizzatrice teatrale e musicale, responsabile comunicazione",1
393,Licenza media superiore; sindacalista.,2
394,Diploma di liceo classico;  Libero professionista,1
395,Laurea in scienze economiche e commerciali; dirigente d'azienda.,2
396,Laurea in scienze politiche; Imprenditore del terzo settore,1
397,"Laurea in giurisprudenza, abilitazione alla professione di avvocato; Libero professionista",1
398,Laurea in pedagogia; Responsabile amministrativo dipartimento universitario,1
399,"Giornalista pubblicista, Presidente del consorzio universitario di Crotone, Viceresponsabile dipartimento enti locali direzione nazionale DS",1
400,Diploma di istituto tecnico commerciale; Sindaco,1
401,"Laurea in lingue e letterature straniere, Laurea in storia dell'arte;  Giornalista",1
402,Laurea in giurisprudenza;  Praticante avvocato,1
403,"Laurea in giurisprudenza; Avvocato civilista, Giornalista pubblicista",1
404,"Laurea in psicologia, Master universitario di II livello in psicodiagnostica e valutazione psicologica, Master in terapia strategica familiare, Specializzazione quadriennale in psicoterapia breve strategica; Psicologa e Psicoterapeuta",1
405,Laurea in giurisprudenza; Broker,1
406,Laurea in scienze economiche e commerciali; libero professionista,2
407,"Liceo classico; giornalista, direttore del Secolo d'Italia",1
408,Laurea in scienze economiche; Dirigente pubblico,1
409,Laurea in medicina veterinaria; Dirigente sanitario,1
410,Laurea in relazioni internazionali; Esperta in relazioni internazionali,1
411,diploma di ist. magistrale;artigiano,2
412,Laurea in scienze politiche; imprenditore,2
413,Laurea in medicina e chirurgia; Specialista in reumatologia convenzionata medicina generale SSN,1
414,Accademia delle Belle Arti; dipendente pubblico - funzionario,1
415,Diploma di istituto tecnico commerciale; Impiegata addetta alla gestione del personale,1
416,Laurea in lettere e in giurisprudenza; insegnante.,1
417,Laurea in giurisprudenza;  Avvocato penalista,3
418,Laurea in scienze della comunicazione,1
419,Laurea in lettere;  Insegnante di scuola secondaria superiore,1
420,Diploma di istituto tecnico commerciale; Dipendente pubblico,1
421,"Laurea in giurisprudenza, Corsi e scritti di specializzazione e approfondimenti; Avvocata penalista ed esperta in diritto dell'immigrazione",1
422,Diploma di liceo scientifico;  Imprenditrice del settore della comunicazione ed eventi,1
423,Laurea in giurisprudenza; Docente Accademia di Belle Arti,1
424,Diploma di istituto tecnico per geometri; Libero professionista,3
425,Laurea in ingegneria gestionale,2
426,"Laurea in giurisprudenza, Dottorato di ricerca; Avvocato, Assistente universitario",1
427,Laurea in giurisprudenza; Funzionario amministrativo contabile del MIMS,1
428,"Laurea in filosofia, Laurea in giurisprudenza, Specializzazione all'insegnamento di storia e filosofia, Abilitazione all'insegnamento con gli studenti diversamente abili; Insegnante di scuola secondaria superiore (Diritto scolastico)",1
429,Laurea in pedagogia; assistente amministrativo,1
430,"Laurea in giurisprudenza;  Dirigente di partito, Tesoriera di Radicali Italiani e dell'associazione ""Nessuno tocchi Caino""",1
431,Diploma di liceo scientifico;,1
432,Licenza media inferiore; funzionario di partito,2
433,Laurea in giurisprudenza; imprenditore - settore turistico,1
434,"Manager nel campo della moda, Atleta paralimpica, Scrittrice, Conduttrice televisiva",1
435,"Laurea in architettura, Dottorato di ricerca in conservazione dei beni architettonici e ambientali; Ricercatore universitario",1
436,Avvocato,3
437,Diploma di maturita' classica; libera professionista,2
438,Laurea in matematica;  Insegnante di scuola secondaria inferiore,1
439,Laurea in lettere moderne indirizzo tecniche della comunicazione; Giornalista,1
440,Laurea in farmacia; farmacista,2
441,"Laurea in scienze politiche, Master affari politici italiani; Imprenditore",1
442,Laurea in lettere e filosofia; Addetto stampa,1
443,"Laurea in filosofia, Diploma di perfezionamento in storia contemporanea; Insegnante di scuola secondaria superiore",1
444,Laurea in pedagogia; specializzazione in mediazione familiarei,2
445,DIPLOMA DI CONSERVATORIO PIANOFORTE; IMPIEGATA,1
446,Laurea in scienze economiche;  Dirigente pubblico,1
447,Diploma di liceo classico; Assessore provinciale e regionale,1
448,Diploma di liceo classico; Dipendente Anci,1
449,Diploma dirigente comunità; Operatore sanitario,1
450,Laurea triennale in ingegneria gestionale; Impiegato,1
451,Laurea in lettere; insegnante.,53
452,Laurea in filologia moderna,1
453,Diploma di ragioniere; dipendente della Banca d'Italia,4
454,Diploma di liceo classico;  Funzionario provincia di Agrigento,1
455,Impiegata.,13
456,Laurea in ingegneria civile e ambientale; tecnico di laboratorio,1
457,Laurea in scienze della mediazione linguistica e culturale; Operatrice turistica,1
458,Laurea in lingue e letterature straniere; Insegnante di scuola secondaria superiore,3
459,Laurea in giurisprudenza;  Magistrato,1
460,Diploma di maturita' classica; docente,5
461,Laurea in scienze politiche;  Imprenditore,1
462,Diploma di istituto professionale per l'industria e l'artigianato; Coach formatrice,1
463,Laurea in scienze della comunicazione sociale e istituzionale;,1
464,Abilitazione alla professione di dottore commercialista; Funzionario tributario,1
465,"Laurea in scienze dell'economia e della gestione aziendale, Master I livello scienze tecniche della prevenzione e della sicurezza sul lavoro e ambiente",1
466,Diploma di liceo scientifico; Studente,1
467,Laurea in filosofia;  Insegnante di scuola secondaria superiore,1
468,Laurea in storia; Dottorato di ricerca,1
469,"Diploma di liceo classico;  Dirigente di partito, Assessora alle politiche sociali del comune di Venezia",1
470,Diploma di maturita' classica; impiegata,3
471,Laurea in lettere; insegnante,35
472,Diploma di istituto magistrale; Insegnante di scuola primaria,1
473,"Laurea in lettere classiche, Scuola di Specializzazione in Archeologia; Sindaco",1
474,"Diploma di liceo classico; Insegnante di scuola primaria, dirigente di partito",1
475,Laurea in filosofia; Dirigente di industria,1
476,"Licenza media superiore; imprenditore, sindacalista",2
477,"Laurea magistrale in scienze politiche e di governo, NBA Essential conseguito alla LSE; Segretaria metropolitana PD Milano",1
478,"Laurea in filosofia, Habilitation à diriger de recherches, Sorbona, Parigi, Dottorato di ricerca in filosofia alla Scuola Normale Superiore di Pisa; Professore ordinario di filosofia",1
479,Laurea in giurisprudenza; Avvocatessa,1
480,Laurea in giurisprudenza; docente universitario - professore ordinario,1
481,"Laurea in fisica, Dottorato di ricerca; Professore ordinario di ingegneria",1
482,"Laurea in economia bancaria, Dottorato di ricerca in scienze della formazione; Imprenditore",1
483,Laurea in economia e commercio;  Responsabile amministrativo,1
484,Medico specializzato in anestesia e rianimazione,1
485,"Laurea in giurisprudenza, dottorato di ricerca; Avvocato",1
486,Laurea in filosofia; Giornalista,1
487,Laurea in pedagogia; insegnante,9
488,"Laurea in medicina e chirurgia, Specializzazione in microchirurgia e chirurgia sperimentale; Medico chirurgo specialista",1
489,Impiegato,2
490,Laurea in lettere e filosofia;  Dipendente pubblico,1
491,"Laurea in lingue e letterature straniere (europee), Master in management e legislazione scolastica; Dirigente scolastico",1
492,Imprenditrice,1
493,Laurea in giurisprudenza; Docente di scuola superirore,1
494,"Laurea in filosofia, Dottorato di ricerca; Ricercatore",1
495,Laurea in archivistica e biblioteconomia; Libero professionista,1
496,Laurea in giurisprudenza,15
497,Laurea in scienze della pubblica amministrazione;  Imprenditore,1
498,"Diploma universitario di educazione fisica (ISEF), Abilitaz. insegnamento; Dip. Consiglio regionale della Lombardia, Struttura comunicazione e settore stampa, Membro dell'Associazione italiana della comunicazione pubblica e istituzionale",1
499,Laurea in lettere e filosofia; giornalista,2
500,Professore associato Universita' La Sapienza di Roma,1
501,"Laurea in Lettere e Filosofia, Dottorato di ricerca in Diritto Comparato; Giornalista",1
502,Laurea in economia aziendale; Imprenditore,2
503,Laurea in pedagogia;  Insegnante di scuola secondaria superiore in lettere e storia,1
504,Laurea in scienze politiche,4
505,"Laurea in farmacia, Dottorato di ricerca; Professore associato di Farmacologia",1
506,Impiegata,11
507,laurea in filosofia;impiegato pubblico,4
508,Laurea in scienze politiche; Impiegata con funzioni dirigenziali,1
509,Liceo classico; artista - attore,1
510,Laurea in lettere moderne; giornalista pubblicista,1
511,Laurea in giurisprudenza; Consulente assicurativo,1
512,Master in organizzazione aziendale; Quadro,1
513,Diploma di istituto tecnico commerciale; Membro della Direzione Nazionale di Radicali Italiani,1
514,Laurea in chimica e tecnologie farmaceutiche; Farmacista,1
515,Laurea in scienze agrarie; pubblicista,1
516,Diploma di liceo classico;  Funzionario ANCI regionale Veneto,1
517,Laurea in giurisprudenza; Giornalista professionista,1
518,laurea in economia e commercio;consulente aziendale tributarista,2
519,"Laurea in giurisprudenza, diploma di laurea interprete traduttore parlamentare; avvocato",2
520,Laurea in lettere; Funzionario parlamentare,1
521,Licenza media inferiore; impiegata,2
522,Istituto magistrale; imprenditore - settore alimentare,1
523,Laurea in lettere e filosofia; Insegnante di scuola secondaria superiore,1
524,Laurea in lettere e filosofia; funzionario di partito,4
525,Laurea in giurisprudenza; libero professionista,1
526,"Laurea in storia e filosofia, Dottorato di ricerca in storia e  informatica; Ricercatore universitario",1
527,Dipendente pubblico Amministrazione provinciale di Siena,1
528,"Avvocato civilista; 
Corso di perfezionamento A. Berliri in diritto tributario presso l'Università Alma Mater di Bologna; Corso di perfezionamento in diritto societario rilasciato dall'Università di Pavia facoltà di economia e commercio",1
529,Laurea in lettere moderne; imprenditore,1
530,"Laurea in medicina e chirurgia, Specializzazione in medicina legale",1
531,Laurea in Lettere Moderne,1
532,Laurea in lingue e letterature straniere (europee); Assistente di volo,1
533,Laurea in lettere moderne,3
534,Laurea in lingue e letterature straniere; dirigente di partito,1
535,"Laurea in giurisprudenza; Avvocato civilista, già Sindaco del Comune di Rocca San Casciano (FC) dal 2009 al 2019, Assessore alle Politiche sociali, famiglia, pace e diritti umani nel Comune di Forlì dal 2019",1
536,Laurea in giurisprudenza; avvocato civilista,1
537,Laurea magistrale in giurisprudenza (Uni Bologna); Laurea magistrale in Management of Human Resources and Labour Studies (Università Statale di Milano); Avvocato,1
538,Laurea in lettere - DAMS,1
539,"Laurea in giurisprudenza e in lettere antiche; avvocato, docente universitario",2
540,"Laurea in scienze dell'educazione; Insegnante di scuola primaria, Sindaco",1
541,Laurea in pedagogia;  Dipendente pubblico,1
542,Diploma di istituto magistrale con specializzazione in psicopedagogia; Dirigente sindacale europea,1
543,Laurea in giurisprudenza; Impiegata,1
544,Laurea in economia e commercio; docente di scuola media superiore,1
545,Laurea in informatica; Dirigente di azienda privata,1
546,Laurea in lettere moderne; Giornalista professionista,1
547,Laurea in giurisprudenza; Avvocato amministrativista,2
548,Laurea in scienze politiche; Dottorato di ricerca in economia del lavoro; Ricercatore,2
549,Laurea in lingue e civilta' orientali; giornalista professionista,2
550,Laurea in giurisprudenza; Direttore amministrativo del MIUR,1
551,Laurea in scienze biologiche,1
552,Laurea in filologia moderna; Grafico pubblicitario,1
553,Laurea in economia e commercio; Impiegato,1
554,Diploma di istituto tecnico commerciale; Imprenditrice del settore moda,1
555,Laurea in giurisprudenza; segretario regionale Emilia-Romagna del partito di Rifondazione comunista,1
556,Laurea in scienze politiche; Giornalista professionista,3
557,"Laurea in Scienze Politiche; Parlamentare, Presidente giuria Premio internazionale di poesia L'Aquila
",1
558,Parlamentare,3
559,"Laurea in giurisprudenza; Magistrato di appello, Magistrato presso la Commissione tributaria provinciale",1
560,Laurea in filosofia; Dipendente pubblico,1
561,Diploma di liceo classico; Dirigente di azienda privata,1
562,"Laurea in lettere classiche, Master Economia del Turismo; Master di II° livello in dirigenza per le scuole; Responsabile sistema qualità', Insegnante",1
563,Laurea in giurisprudenza; avvocato - patrocinante in cassazione,1
564,Laurea in scienze politiche; Bibliotecario,1
565,Laurea in biologia; biologa,1
566,Laurea in lingue e letterature straniere; interprete,1
567,"Laurea in giurisprudenza, Laurea in economia e commercio, Laurea magistrale in economia e legislazione d'impresa; Avvocato civilista",1
568,Istituto tecnico commerciale; libero professionista,2
569,"Laurea in medicina e chirurgia, Specializzazione in oculistica; Oculista",1
570,Laurea in pedagogia; funzionario di partito,2
571,"Laurea in scienze politiche, Master in formazione e gestione delle risorse umane; Consulente aziendale",1
572,Dottorato di ricerca,1
573,Laurea in scienze politiche; dipendente di azienda bancaria - impiegato,1
574,"Laurea in amministrazione, finanza e controllo aziendale; Dipendente di azienda privata, già sindaca di Torino",1
575,Laurea in lettere; giornalista.,5
576,Laurea in comunicazione nella società della globalizzazione; Consulente Senior per la comunicazione,1
577,Diploma di istituto tecnico commerciale; Assicuratore,1
578,Laurea in scienze dell'amministrazione; Impiegato,1
579,Laurea in matematica;  Preside,1
580,Laurea in scienze politiche e delle relazioni internazionali; Operatore sviluppo locale,1
581,Laurea in scienze internazionali e diplomatiche; già Presidente di consiglio comunale,1
582,Laurea in economia e commercio; Commercialista,3
583,DIPLOMA ACCADEMICO DIDATTICA DELLA MUSICA; Insegnante di scuola secondaria inferiore; Sindaco,1
584,Laurea in medicina e chirurgia; medico.,3
585,Laurea in giurisprudenza; Lavoratore autonomo,1
586,Diploma universitario ortofrenia e logopedia; pensionata,1
587,Diploma universitario di assistente sociale;  Assistente sociale,1
588,"Laurea in architettura, Master II livello in Gestione dell'Innovazione nella PMI",1
589,"Laurea in scienze e tecnologie alimentari, Master in Progettazione e Rendicontazione dei Fondi comunitari; Tecnologo alimentare",1
590,"Laurea in medicina e chirurgia, Specializzazione in radiologia; Primario ospedaliero",1
591,Laurea in giurisprudenza; Parlamentare,2
592,"Diploma di liceo classico, Diploma alla bottega teatrale di Firenze di VIttorio Gassman; Attrice di teatro",1
593,Laurea in giurisprudenza; Funzionaria Agenzie ONU; Parlamentare,1
594,Laurea in filosofia.,1
595,Laurea in lingue e letteratura; docente universitario,3
596,Laurea in lettere e filosofia; docente universitario,6
597,"Laurea in lettere moderne; giornalista pubblicista, scrittrice",3
598,Laurea in lettere; giornalista,3
599,Licenza media superiore; imprenditore,1
600,Dottorato di ricerca in diritto internazionale; Avvocato,1
601,Laurea in economia e commercio ambientale; Dipendente,1
602,Laurea in medicina e chirurgia;  Segretario di partito,1
603,Laurea in lettere moderne; pensionata,2
604,Laurea in architettura; docente,2
605,"Laurea in economia aziendale; Commercialista, Funzionario Formez",1
606,Laurea in lettere moderne; docente,1
607,Agricoltore.,1
608,Laurea in lettere; Operatore culturale,2
609,laurea in materie letterarie;insegnante di scuola media superiore,2
610,LAUREA IN LINGUAGGI DEI MEDIA; LAUREA IN POLITICHE EUROPEE E INTERNAZIONALI; Giornalista pubblicista,1
611,Laurea in filosofia; giornalista,3
612,"Laurea in filosofia, Master in ""Esperto in cultura di impresa"" conseguito presso la facoltà di Economia e commercio di Collescipoli (TR); Giornalista, Consulente in materia economica e finanziaria per il gruppo parlamentare FDI",1
613,"Laurea in lettere; Dirigente pubblico, Storico dell'arte direttore-coordinatore",1
614,Laurea in materie letterarie,1
615,"Laurea in scienze politiche;
 Imprenditore nel settore dell'innovazione digitale e sociale",1
616,"Laurea in medicina e chirurgia, Specializzazione in anestesiologia e rianimazione;  Medico, Specialista in Anestesia e Rianimazione",1
617,Diploma di liceo classico;  Direttore di quotidiano,1
618,"Operaia, funzionario di partito",1
619,"Laurea in giurisprudenza, Specializzazione in modelli extragiudiziali di composizione delle controversie (A.D.R.); Avvocato civilista e amministrativista, Professore associato di discipline giuridiche (diritto pubblico comparato)",1
620,Licenza media superiore; funzionario pubblico.,3
621,Laurea in giurisprudenza; Insegnante,1
622,Diploma di liceo classico; Studentessa universitaria,1
623,Laurea in giurisprudenza; giurista d'impresa - direttore legale di gruppi multinazionali,1
624,Diploma di liceo classico;  Dirigente di partito,1
625,Artigiano.,3
626,Laurea in mediazione linguistica culturale,2
627,Diploma di liceo classico; Libero professionista,4
628,"Laurea in scienze politiche, Dottorato di ricerca in economia; Parlamentare",1
629,Laurea in giurisprudenza;  Avvocato,5
630,"Laurea in lettere, Dottorato di ricerca; Giornalista",2
631,"Laurea in storia moderna, Dottorato di ricerca in storia; Ricercatrice in Storia medievale presso Università di Bologna",1
632,"Laurea in scienze politiche, Laurea in giurisprudenza;  Editorialista, Presidente dell'Associazione Rete Sociale del Partito Democratico",1
633,"Laurea in pianificazione territoriale, urbanistica ed ambientale; Urbanista",3
634,maturita' classica;studente universitario,1
635,Laurea in scienze politiche; Imprenditore,1
636,"Laurea in filosofia; insegnante, pubblicista.",2
637,"Laurea in lettere e filosofia; consulente accredito ONU economia, sociologia, sviluppo",2
638,Licenza media superiore; casalinga.,1
639,"Laurea in medicina e chirurgia, specializzazione in neurologia; Dirigente medico",1
640,Licenza media;  Operaio,1
641,Laurea in medicina e chirurgia: medico chirurgo,2
642,"Ricercatore universitario in sociologia politica, abilitato associato, specialista di conflitti internazionali e geopolitica, saggista",1
643,Laurea in scienze politiche; Sindacalista,1
644,"Laurea in lettere e filosofia a Oxford, Dottorato di ricerca alla London School of Economics, Master in politica europea a Sciences Po e London School of Economics; Direttrice delle pubbliche relazioni",1
645,Diploma di scuola magistrale;  Dirigente di partito,1
646,Laurea in lingue e letterature straniere; funzionario di partito.,4
647,Laurea in scienze politiche; Editorialista,1
648,Laurea in giurisprudenza;  Avvocato civilista,2
649,Laurea in lettere classiche; docente - scuola media superiore,1
650,Laurea in filosofia; Dirigente di azienda privata,1
651,Maturita' classica; imprenditrice,2
652,Laurea in scienze e tecnologie per l'ambiente e il territorio; Dipendente,1
653,Diploma istituto tecnico per il turismo; giornalista,2
654,"Licenza media superiore, assistente comunita' infantili; dirigente politico",2
655,Laurea in lettere moderne; Impiegato,1
656,Laurea in scienze economiche e finanziarie,1
657,"Laurea in lingue e commercio internazionale, Master in Studi Europei, Laurea magistrale in relazioni internazionali",1
658,Laurea in scienze politiche; Consulente aziendale,2
659,Diploma tecnico professionale computista commerciale; Giornalista pubblicista,1
660,"Laurea in lettere moderne, Dottorato di ricerca; Giornalista",1
661,Laurea in giurisprudenza; Libero professionista,1
662,Diploma in scienze infermieristiche;  Infermiera,1
663,Laurea in pedagogia; direttore didattico,5
664,Diploma di liceo linguistico; Presidente onorario Fondazione Craxi,1
665,Laurea in scienze politiche; Ricercatore universitario,1
666,Diploma di istituto tecnico femminile; Parlamentare,1
667,Laurea in pedagogia; Direttore generale della fondazione Cassa di risparmio di Torino,1
668,Laurea in scienze politiche; giornalista,2
669,Laurea in giurisprudenza; Prefetto,1
670,"Laurea in giurisprudenza, Master in analisi delle politiche pubbliche CORES Torino; Ricercatrice presso IRES Piemonte",1
671,maturita' classica;giornalista,3
672,Laurea in pedagogia; libero professionista,1
673,Licenza media inferiore,2
674,licenza media inferiore;dipendente di azienda privata,1
675,Laurea in scienze della pubblica amministrazione; Imprenditrice,1
676,Laurea in scienze statistiche; Impiegata,1
677,Laurea in lingue e letterature straniere; Imprenditore immobiliare,1
678,Laurea in giurisprudenza; giornalista.,4
679,Laurea in giurisprudenza; funzionario pubblico,3
680," Laurea in scienze politiche e scienze islamiche, Master in relazioni internazionali con focus su Medio Oriente, Caucaso e Asia centrale; Analista politica",1
681,Laurea in ingegneria gestionale; Dipendente di azienda privata,3
682,"Laurea in scienze politiche, Master in business administration",1
683,Dottorato di ricerca in economia; Ricercatrice,1
684,"Laurea in filosofia, pedagogia e psicologia, spec. in psicologia clinica; preside scuola media",3
685,Laurea in scienze dell'informazione; Imprenditore nel settore digital,1
686,Laurea in scienze economiche e commerciali; insegnante,2
687,Laurea in pedagogia; Dirigente scolastico,1
688,Laurea in medicina e chirurgia; neuroradiologo,2
689,"Laurea in scienze agrarie; Agronomo, Assessore cultura e turismo",1
690,Laurea in psicologia; Agente in attività finanziaria,1
691,Laurea in economia e commercio; Contabile,1
692,Avvocato penalista,1
693,Licenza media superiore; insegnante.,1
694,"Laurea in scienze della comunicazione; Comunicatore d'impresa, Autrice di testi televisivi",1
695,"Laurea in psicologia, Specializzazione in psicoterapia sistemico-relazionale e familiare; Master interuniversitario di II livello in organizzazione e funzionamento della pubblica amministrazione; Psicologa psicoterapeuta",1
696,Laurea in giurisprudenza;  Dirigente pubblico,1
697,Diploma di istituto tecnico commerciale; Agente di pubblica sicurezza,1
698,"Laurea in pianificazione territoriale, urbanistica ed ambientale;  Urbanista",1
699,Economia aziendale; Operatore economico,1
700,Laurea in lettere e in teologia; insegnante.,1
701,"Diploma di ragioniere e perito commerciale; Ragioniere, Perito commerciale",1
702,Laurea in scienze della comunicazione; Marketing e comunicazione,1
703,Laurea in scienze della pubblica amministrazione; Imprenditore,1
704,Medico veterinario,1
705,Laurea in lettere e filosofia; Addetto stampa &amp; public relation specialist,1
706,Licenza media superiore; bancaria.,2
707,Laurea in lettere e filosofia; Consiglio Nazionale delle Ricerche,1
708,Dottorato di ricerca in Pedagogia - Education; Professore ordinario di discipline pedagogiche,1
709,Diploma professionale dirigente di comunità; Consulente,1
710,"Diploma di istituto tecnico commerciale; Campionessa olimpica, Libero professionista, Dirigente sportivo",1
711,"Attrice, cantante",1
712,Laurea in scienze geologiche; Geologo,1
713,Liceo scientifico; funzionario di partito,1
714,Laurea in pedagogia; docente in lettere e storia,1
715,Diploma di ragioniere e perito commerciale; impiegata,2
716,Coordinatrice amministrativa Associazione Consumatori Codici Puglia,1
717,Diploma di liceo scientifico,5
718,"Laurea in scienze dell'educazione degli adulti e della formazione continua; 
Diploma di specializzazione biennale post-laurea in Metodologie didattiche sulla disabilità; Insegnante di scuola secondaria superiore",1
719,"Laurea in lingue e commercio internazionale, Master in Studi Europei, Laurea magistrale in relazioni internazionali; Studente",1
720,Licenza media inferiore; sindacalista,1
721,Dottorato di ricerca in economia politica; Professoressa ordinaria di scienza delle finanze,1
722,Laurea in filosofia; docente di liceo,4
723,Laurea in lettere e filosofia; insegnante.,11
724,DIPLOMA DI RAGIONERIA; IMPIEGATA AMMINISTRATIVA,1
725,"Laurea quinquennale in scienze della comunicazione con indirizzo comunicazione d'impresa, Master in comunicazione integrata d'impresa del Gruppo Sole 24 Ore; Institutional &amp; Regulatory Affairs per gruppo bancario",1
726,Laurea in scienze politiche;  Dirigente di partito,1
727,Diploma di liceo scientifico; Agente di assicurazione; Consulente finanziario,1
728,Laurea in architettura; Architetto,2
729,"Diploma di liceo scientifico, Master in commercio estero; Dipendente di azienda bancaria",1
730,Laurea in lettere classiche;  Insegnante di scuola secondaria superiore presso il liceo scientifico Galilei di Palermo,1
731,Laurea specialistica in Comunicazione d'impresa e pubblicità; Libero professionista,1
732,Diploma liceo scientifico; giornalista,1
733,Funzionario comunale,1
734,"Laurea in medicina e chirurgia; Primario UOC di odontoiatra, direttore dipartimento chirurgico azienda ospedaliera A.O. di Cosenza",1
735,Laurea in scienze della mediazione linguistica; Impiegato,1
736,Diploma di liceo scientifico; Impiegato,2
737,Laurea in lettere moderne.,1
738,Laurea in scienze politiche; Studentessa in relazioni e cooperazione internazionali,1
739,Educatrice e parlamentare,1
740,Laurea in giurisprudenza; Civilista specializzato in diritto del lavoro,1
741,Laurea in scienze della comunicazione; Collaboratore parlamentare presso l'assemblea regionale siciliana,1
742,Laurea in scienze dell'educazione; Educatrice,2
743,Diploma di istituto tecnico commerciale;  Imprenditore del marketing e della pubblicita',1
744,Licenza media superiore; ragioniere.,4
745,Laurea in filosofia; Editore,1
746,Laurea in Scienze Politiche e Sociali,1
747,"Laurea in filosofia teoretica, morale, politica ed estetica; Studente",1
748,Laurea in giurisprudenza; Avvocato civilista,12
749,Operaia,2
750,Laurea in giurisprudenza; Avvocato penalista,4
751,Laurea in scienze politiche; insegnante,4
752,"Laurea in lettere classiche, Dottorato di ricerca in filologia greca e latina; Insegnante",1
753,Laurea in architettura; impiegata,3
754,Laurea in scienze geologiche; geologo,2
755,Laurea in matematica; insegnante,2
756,Licenza elementare; funzionario di partito,1
757,"Laurea in medicina e chirurgia, Specializzazione in neurologia, Dottorato di ricerca in neuroscienze; Medico ospedaliero, Neurologo",1
758,Laurea in chimica industriale; Imprenditore agricolo,1
759,Dottore di ricerca,1
760,Diploma di liceo scientifico; Coltivatore diretto,1
761," Laurea in farmacia, Scuola di specializzazione scienze e tecniche cosmetiche; Farmacista titolare",1
762,Laurea in lettere moderne; Insegnante di scuola secondaria superiore,3
763,Laurea in economia; Dipendente di azienda privata,1
764,Licenza media superiore,12
765,Diploma di liceo scientifico; Dipendente,1
766,"Laurea in giurisprudenza, Scuola superiore di pubblica amministrazione, Master in organizzazione aziendale; Libero professionista",1
767,Laurea in scienze del turismo; Imprenditrice,1
768,Laurea in scienze politiche; Quadro Umana S.p.A.; Presidente Vetreria Salviati Srl; Past-president sezione vetro Confindustria Venezia-Rovigo; Consigliere di amministrazione Scuola Grande della Misericordia,1
769,Laurea specialistica in scienze politiche - relazioni internazionali; Consulente presso enti pubblici,1
770,"Diploma accademico in didattica della musica; Insegnante di scuola secondaria inferiore; Sindaco di Argentera (CN), comune montano a 1625 m s.l.m. al confine con il territorio francese",1
771,"Laurea in scienze dell'economia e della gestione aziendale, master I livello scienze tecniche della prevenzione e della sicurezza sul lavoro e ambiente",1
772,"Laurea in giurisprudenza, Abilitazione all'attività forense; Avvocato civilista",1
773,Maturita' classica; funzionario,2
774,Laurea in scienze giuridiche,1
775,"Laurea in giurisprudenza, Master; Insegnante di scuola secondaria superiore",1
776,Laurea in giurisprudenza.,4
777,Laurea in medicina veterinaria; veterinario,1
778,Laurea in sociologia; Assessore comunale,1
779,"Dottore di ricerca in diritto dei contratti, Avvocato",1
780,Diploma di liceo scientifico; Imprenditore immobiliare,1
781,Laurea in lettere; direttore didattico,2
782,"Laurea in giurisprudenza, indirizzo giuridico-amministrativo",1
783,Laurea in medicina e chirugia; medico chirurgo,2
784,"Diploma di istituto magistrale, laureanda in giurisprudenza; Imprenditore",1
785,Diploma di maturita' classica; funzionario di partito,3
786,Laurea in scienze biologiche;  Insegnante di ruolo di scuola secondaria superiore,1
787,Laurea in lettere; docente universitario,3
788,Laurea in medicina e chirurgia; medico ematologo,2
789,Diploma di istituto tecnico commerciale; funzionaria di partito,3
790,"Laurea in scienze geologiche;  Insegnante di scuola secondaria inferiore, Presidente di provincia per due mandati",1
791,"Laurea in medicina e chirurgia, Specializzazione in medicina legale; Medico legale",1
792,Licenza media superiore; impiegata,10
793,Laurea in giurisprudenza; Avvocato civilista specializzato in diritto bancario e internazionale,1
794,Laurea in medicina e chirurgia,4
795,"Laurea in economia bancaria, dottorato di ricerca in Scienze della formazione; Imprenditore, Professore universitario",1
796,"Laurea in lettere classiche, Scuola di specializzazione per l'insegnamento presso Università di Milano; Insegnante di scuola secondaria inferiore",1
797,Laurea in chimica.,4
798,Liceo linguistico; attività nell'ambito di un'associazione - Presidente,1
799,Diploma di istituto tecnico commerciale; Responsabile zonale di patronato,1
800,Laurea in matematica; insegnante di matematica e scienze,1
801,"Laurea in psicologia, Specializzazione in psicoterapia sistemico-relazionale e familiare, Master interuniversitario di II livello in organizzazione e funzionamento della pubblica amministrazione; Psicologa, Psicoterapeuta",1
802,Laurea in lingue e letterature straniere; Dirigente sindacale,1
803,Diploma di liceo classico; Dirigente di partito,2
804,"Laurea in lettere, diploma ISEF; docente scuola media superiore",4
805,"Giornalista, pubblicista",1
806,"Diploma di accademia di belle arti; Impreditore nel settore dell'elettronica
",1
807,Sarta.,1
808,Laurea in infermieristica; Libero professionista,1
809,Laurea in architettura;  Architetto,1
810,Laurea in biologia; insegnante,1
811,Laurea in comunicazione pubblica e di impresa,1
812,Diploma di scuola universitaria per assistenti sociali; operatrice sociale,3
813,"Laurea in medicina e chirurgia, Specializzazione in radiologia; Radiologo, Neuroradiologo",1
814,"Laurea in economia e commercio, Master of management in the Network Economy - MiNE; Consulente in finanziamenti Europei per la ricerca e l'innovazione",1
815,"Laurea in storia moderna, dottorato di ricerca in storia e informatica; ricercatore universitario in storia medievale",1
816,Dirigente di partito,1
817,PHD in matematica; Professoressa associata di analisi matematica,1
818,Diploma di liceo artistico; Attrice,1
819,Laurea in giurisprudenza; funzionario pubblico.,1
820,Laurea in scienze agrarie,1
821,"Laurea in giurisprudenza, Master di II livello in politiche di pace e cooperazione allo sviluppo nell'area del mediterraneo; Avvocato",1
822,Laurea in filosofia e pedagogia; insegnante.,2
823,Laurea in architettura; architetto,2
824,"Laurea in economia e commercio; Dottore commercialista, Insegnante di scuola secondaria superiore",1
825,Diploma di istituto tecnico commerciale;  Pensionato,1
826,"Istituto tecnico commerciale, ragioniere e perito; artigiana",2
827,Laurea in lettere classiche;  Professore ordinario di lettere,1
828,"Laurea in medicina e chirurgia, Specializzazione in Anatomia Patologica; Professore ordinario di medicina",1
829,Laurea in letterature e lingue straniere; insegnante.,4
830,LAUREA IN SCIENZE STRATEGICHE E GIURIDICHE; Dipendente pubblico,1
831,Laurea in giurisprudenza; insegnante.,1
